Date,Close/Last,Volume,Open,High,Low
04/30/2021,$513.47,4413242,$505,$514.55,$505
04/29/2021,$509,5127792,$507.6,$509.29,$499
04/28/2021,$506.52,3192983,$505.2,$508.395,$503.34
04/27/2021,$505.55,3761327,$512.62,$512.99,$504.5808
04/26/2021,$510.3,4388839,$506.76,$510.48,$503
04/23/2021,$505.55,7314659,$509.01,$509.7,$500.7
04/22/2021,$508.78,9061062,$513.82,$513.96,$500.55
04/21/2021,$508.9,22897450,$508,$515.46,$503.6001
04/20/2021,$549.57,11257650,$554.42,$563.56,$546.3
04/19/2021,$554.44,4288715,$546.9,$556.44,$545.53
04/16/2021,$546.54,3209075,$550.54,$551.98,$539.51
04/15/2021,$549.22,3139050,$544.17,$553.49,$542.66
04/14/2021,$540.02,3740294,$554.87,$554.87,$538.53
04/13/2021,$553.73,2720344,$557,$559.75,$550.3
04/12/2021,$552.78,2944060,$551.05,$557.98,$549.58
04/09/2021,$555.31,2894034,$552.69,$556.9,$547.11
04/08/2021,$554.58,4309829,$551.13,$556.899,$547.57
04/07/2021,$546.99,2151319,$543.5,$549.64,$541.45
04/06/2021,$544.53,3474205,$544.81,$554.165,$543.3
04/05/2021,$540.67,3355904,$540.01,$542.85,$529.23
04/01/2021,$539.42,3938637,$529.93,$540.5,$527.03
03/31/2021,$521.66,3503111,$515.675,$528.13,$515.44
03/30/2021,$513.39,2418129,$510.505,$514.41,$506.91
03/29/2021,$513.95,3330049,$505.66,$518,$504.4
03/26/2021,$508.05,3467797,$502.82,$508.72,$496.68
03/25/2021,$502.86,4926764,$516.99,$518.53,$497
03/24/2021,$520.81,4102211,$533.78,$534.42,$520
03/23/2021,$535.09,5583461,$529.87,$543.12,$529.4
03/22/2021,$523.11,3360587,$509.13,$529.31,$509.13
03/19/2021,$512.18,4386360,$504.96,$513.19,$501.63
03/18/2021,$504.79,4096606,$516.396,$517.9,$503.85
03/17/2021,$524.44,2817376,$522,$528.3654,$514.3
03/16/2021,$524.03,3238888,$524.47,$533.42,$523.21
03/15/2021,$520.25,3485519,$516.32,$520.729,$508.03
03/12/2021,$518.02,3981743,$512.5,$526.51,$506.59
03/11/2021,$523.06,4714469,$512.205,$530.235,$510.71
03/10/2021,$504.54,3771484,$513.5,$518.97,$504.25
03/09/2021,$506.44,3470042,$507.31,$513.11,$503.8221
03/08/2021,$493.33,3981758,$514.46,$518.84,$492.85
03/05/2021,$516.39,5069973,$511.98,$517.76,$498.7901
03/04/2021,$511.29,5034792,$521.5,$531.5,$507.68
03/03/2021,$520.7,5362443,$545.93,$548.005,$517.81
03/02/2021,$547.82,3042226,$553.34,$556.99,$546.02
03/01/2021,$550.64,3042180,$545.573,$552.14,$542
02/26/2021,$538.85,3755574,$546.51,$553.09,$538
02/25/2021,$546.7,4252879,$550.27,$556.48,$535.75
02/24/2021,$553.41,3245038,$539.8,$556.8499,$539.065
02/23/2021,$546.15,4136532,$525.004,$548.54,$518.28
02/22/2021,$533.78,3078594,$534.99,$541.79,$530.79
02/19/2021,$540.22,2841457,$548,$548.99,$538.8132
02/18/2021,$548.22,2457604,$549,$550,$538.2265
02/17/2021,$551.34,2071590,$550.99,$555.25,$543.03
02/16/2021,$557.28,2624097,$557.286,$563.63,$552.73
02/12/2021,$556.52,2197128,$556.94,$561.2499,$550.85
02/11/2021,$557.59,2730587,$564.442,$565.93,$554.22
02/10/2021,$563.59,3991264,$562.5,$566.65,$553.463
02/09/2021,$559.07,3703499,$546,$566,$543
02/08/2021,$547.92,2791721,$555,$555,$543.7
02/05/2021,$550.79,2376175,$552.26,$554.44,$545.4778
02/04/2021,$552.16,5164537,$539.81,$559.48,$537.51
02/03/2021,$539.45,3172288,$550.17,$550.48,$538.243
02/02/2021,$548.16,3767569,$542.01,$555.48,$538.935
02/01/2021,$539.04,3547507,$536.79,$545.06,$531.73
01/29/2021,$532.39,4325264,$538,$541,$530.18
01/28/2021,$538.6,5968978,$535.88,$553.1482,$530.74
01/27/2021,$523.28,8670277,$550.71,$556.4187,$515.73
01/26/2021,$561.93,5023847,$554.73,$567.99,$554.06
01/25/2021,$556.78,7207329,$567,$569.75,$548.65
01/22/2021,$565.17,7550822,$582.1,$583.99,$564.35
01/21/2021,$579.84,11840630,$582.45,$588.75,$570.4
01/20/2021,$586.34,32637450,$565.42,$593.2877,$556.86
01/19/2021,$501.77,12315810,$501,$509.25,$493.5427
01/15/2021,$497.98,5895788,$500,$506.32,$495.1
01/14/2021,$500.86,4177357,$507.35,$514.5,$499.58
01/13/2021,$507.79,5032099,$495.5012,$512.3542,$493.01
01/12/2021,$494.25,5990425,$500,$501.09,$485.6701
01/11/2021,$499.1,3812720,$507.84,$510.725,$497.95
01/08/2021,$510.4,2973949,$511.31,$513.24,$504.51
01/07/2021,$508.89,3686448,$508.28,$516.44,$506.42
01/06/2021,$500.49,5346210,$511.97,$513.0998,$499.5
01/05/2021,$520.8,3133872,$521.55,$526.78,$515.89
01/04/2021,$522.86,4444407,$539,$540.8,$515.085
12/31/2020,$540.73,5392322,$525.53,$545.5,$523.1502
12/30/2020,$524.59,1876286,$530.13,$533.2575,$523.69
12/29/2020,$530.87,4022358,$519.9,$536.5478,$515.4801
12/28/2020,$519.12,2891867,$516.43,$523.66,$507.13
12/24/2020,$513.97,1143952,$515.12,$519.345,$512.2104
12/23/2020,$514.48,2393187,$524.76,$526.32,$514.2
12/22/2020,$527.33,1908529,$527.69,$530.4,$520.5
12/21/2020,$528.91,3893964,$530.05,$532.62,$521.15
12/18/2020,$534.45,4502692,$533.2,$536.37,$526.02
12/17/2020,$532.9,3193377,$529,$535.49,$526.44
12/16/2020,$524.83,3682392,$520.11,$527.38,$517.69
12/15/2020,$519.78,3398209,$518.5,$524.7,$513.56
12/14/2020,$522.42,5770424,$505.44,$524.1603,$501.18
12/11/2020,$503.22,3210928,$495,$503.34,$494.85
12/10/2020,$501.09,3018203,$494.56,$503.77,$492.91
12/09/2020,$493.6,4178768,$510.53,$514.5,$491.29
12/08/2020,$512.66,4228950,$517.9,$521.4909,$505.55
12/07/2020,$515.78,4289293,$500.01,$517.76,$497.77
12/04/2020,$498.31,3666243,$497.5,$504.5,$493.64
12/03/2020,$497.52,2826116,$502.99,$508.77,$496.04
12/02/2020,$503.38,3028358,$501.62,$506.795,$493.5
12/01/2020,$504.58,5063234,$492.3404,$509.47,$491.9812
11/30/2020,$490.7,3530940,$490.08,$492.55,$481.2678
11/27/2020,$491.36,2805762,$486.58,$493.25,$481.845
11/25/2020,$485,3598629,$485.13,$486.9,$478.919
11/24/2020,$482.88,3557894,$478.84,$484.05,$475.89
11/23/2020,$476.62,5416571,$490.46,$491.15,$475.84
11/20/2020,$488.24,4255924,$485.22,$494.76,$481.57
11/19/2020,$484.67,2254653,$482,$487.8,$480.47
11/18/2020,$481.79,3629237,$481.95,$488.61,$477.7212
11/17/2020,$480.63,3698082,$480.12,$487.51,$478.8525
11/16/2020,$479.1,3953563,$480,$485.58,$477.3
11/13/2020,$482.84,3006510,$486.77,$488.94,$477.8
11/12/2020,$486.77,5071155,$491,$496.52,$480.4255
11/11/2020,$490.76,5460532,$483,$491.68,$478.26
11/10/2020,$480.24,8306142,$470.95,$484.6,$463.41
11/09/2020,$470.5,10419680,$485.54,$495.85,$467.26
11/06/2020,$514.73,4236349,$515,$515.21,$502.51
11/05/2020,$513.76,5372781,$506.56,$518.7337,$503.45
11/04/2020,$496.95,5137330,$495.36,$507.73,$493.98
11/03/2020,$487.22,3690213,$484.93,$495.305,$478.76
11/02/2020,$484.12,4408193,$478.87,$486.3,$475
10/30/2020,$475.74,7813897,$502.01,$505.88,$472.21
10/29/2020,$504.21,11120690,$488.5,$513.8999,$479.34
10/28/2020,$486.24,5992731,$486.36,$494,$483.28
10/27/2020,$488.93,3627175,$490.01,$490.49,$482.93
10/26/2020,$488.24,6186087,$487.025,$496.82,$478.9
10/23/2020,$488.28,4927862,$488.11,$490.06,$481.35
10/22/2020,$485.23,6997922,$494.69,$495.14,$482
10/21/2020,$489.05,17405710,$501.03,$506.85,$488.25
10/20/2020,$525.42,10047180,$528.14,$533.78,$522.26
10/19/2020,$530.72,7567506,$537.07,$541.8,$525.38
10/16/2020,$530.79,6347363,$549.5,$554.33,$530.03
10/15/2020,$541.94,5113126,$545.52,$551.22,$535.1
10/14/2020,$541.45,9510081,$562.61,$572.49,$541
10/13/2020,$554.09,5602498,$540.56,$557.65,$537.2
10/12/2020,$539.81,5391074,$548.81,$551.81,$538.24
10/09/2020,$539.44,4781259,$537.834,$544.28,$535
10/08/2020,$531.79,5386488,$533.48,$535,$524.15
10/07/2020,$534.66,7988683,$518,$536.49,$515.815
10/06/2020,$505.87,4199034,$518.72,$521.82,$504.16
10/05/2020,$520.65,4088069,$506.8,$520.99,$501.6997
10/02/2020,$503.06,6071165,$516.43,$526.3714,$502.7
10/01/2020,$527.51,8153710,$506.03,$529.55,$503.6
09/30/2020,$500.03,4634111,$492.57,$504.63,$489.2704
09/29/2020,$493.48,3543193,$489.5,$496.2868,$486.53
09/28/2020,$490.65,4773497,$489.109,$492,$477.88
09/25/2020,$482.88,3769436,$474.39,$484.87,$468.0258
09/24/2020,$473.08,3727201,$470.53,$477,$467.82
09/23/2020,$470.61,3726423,$491.04,$491.04,$469
09/22/2020,$491.17,3482324,$489.01,$491.82,$479.26
09/21/2020,$487.35,5457539,$467.692,$487.775,$466.32
09/18/2020,$469.96,6717711,$472.51,$479.4,$458.6
09/17/2020,$470.2,5379301,$475.16,$478.4,$463.27
09/16/2020,$483.86,4401412,$499.99,$504.66,$483.31
09/15/2020,$495.99,5336992,$484,$497.47,$481.63
09/14/2020,$476.26,7359126,$480.62,$488.99,$471.3001
09/11/2020,$482.03,5035200,$486.485,$493.73,$476.81
09/10/2020,$480.67,6240181,$503.35,$506.29,$478.84
09/09/2020,$500.19,6848127,$519.21,$520,$492.5743
09/08/2020,$507.02,5572684,$498.4,$522,$495
09/04/2020,$516.05,8270118,$520.18,$527.36,$485.98
09/03/2020,$525.75,9071089,$545,$554,$521.32
09/02/2020,$552.84,5886930,$553.78,$556.5,$537.369
09/01/2020,$556.55,9581907,$532.6,$557.3895,$532.45
08/31/2020,$529.56,4941409,$521.16,$531.99,$517.58
08/28/2020,$523.89,4417517,$532,$539,$522
08/27/2020,$526.27,9062912,$537.775,$541,$521.2471
08/26/2020,$547.53,20373680,$492.5,$549.04,$492.075
08/25/2020,$490.58,5727721,$488.19,$492.47,$485.09
08/24/2020,$488.81,4762183,$495.438,$501,$483.16
08/21/2020,$492.31,3921293,$496.46,$498.13,$490
08/20/2020,$497.9,5132480,$484.69,$498.94,$483.89
08/19/2020,$484.53,3156218,$493.93,$494.4985,$483.5
08/18/2020,$491.87,3505518,$484.35,$495.3,$482.8
08/17/2020,$482.35,2423545,$484.19,$486.24,$479.1
08/14/2020,$482.68,2943487,$482.82,$488.325,$480.21
08/13/2020,$481.33,3008933,$478.4,$484.45,$476.45
08/12/2020,$475.47,5441243,$471.34,$482.49,$470.18
08/11/2020,$466.93,7329226,$479.75,$480.92,$466.55
08/10/2020,$483.38,4691185,$493.35,$497.4584,$478.6269
08/07/2020,$494.73,5910348,$505.45,$508.29,$486.68
08/06/2020,$509.08,3725861,$504.11,$510.82,$498.7
08/05/2020,$502.11,4313526,$508.68,$510.1021,$501.2
08/04/2020,$509.64,5607968,$498.65,$510.4436,$498.65
08/03/2020,$498.62,5876190,$490.86,$503.09,$490.23
07/31/2020,$488.88,5924310,$488.29,$494.8,$484.5
07/30/2020,$485.8,6608569,$480.7072,$488.35,$477.5101
07/29/2020,$484.48,6611769,$492.25,$494.92,$484.13
07/28/2020,$488.51,5986727,$496.02,$497.7927,$487.7601
07/27/2020,$495.65,7863069,$484.51,$496.92,$482.31
07/24/2020,$480.45,7746247,$468.77,$487.17,$467.54
07/23/2020,$477.58,7722034,$491.13,$491.9,$472.0201
07/22/2020,$489.82,6954078,$492.19,$497.2,$487.2
07/21/2020,$490.1,9127218,$506,$506.22,$488.61
07/20/2020,$502.41,11940310,$489.14,$504.5,$484.2001
07/17/2020,$492.99,24991350,$494.87,$503.59,$484.14
07/16/2020,$527.39,24498990,$526.48,$535.54,$504.3627
07/15/2020,$523.26,10066650,$516.3,$529,$510.18
07/14/2020,$524.88,15083300,$517.08,$525.5,$490.49
07/13/2020,$525.5,18399020,$567.98,$575.37,$520.96
07/10/2020,$548.73,21605590,$519.73,$555.8799,$511.28
07/09/2020,$507.76,5840541,$508.4,$510,$495.78
07/08/2020,$502.78,5691682,$498.576,$505.1,$493.81
07/07/2020,$493.16,5669870,$497.311,$504.82,$490.83
07/06/2020,$493.81,7838990,$480.77,$499.5,$479.8
07/02/2020,$476.89,6351485,$485.64,$492.28,$475.5258
07/01/2020,$485.64,9705870,$454,$488.23,$454
06/30/2020,$455.04,4198545,$450.02,$457.59,$447
06/29/2020,$447.24,4843978,$445.23,$447.67,$432.14
06/26/2020,$443.4,6804726,$466.39,$468.03,$442.24
06/25/2020,$465.91,4134513,$458.86,$467.01,$454
06/24/2020,$457.85,4826191,$468.54,$472.36,$454
06/23/2020,$466.26,5948436,$466.5,$474.01,$464.5
06/22/2020,$468.04,6272105,$455.01,$468.59,$454.21
06/19/2020,$453.72,5933651,$449.12,$453.97,$445.6
06/18/2020,$449.87,4277627,$448.73,$452.76,$442.8
06/17/2020,$447.77,6529568,$441.82,$450.46,$439.22
06/16/2020,$436.13,5514016,$425.76,$437.96,$425.18
06/15/2020,$425.5,4471499,$421.4,$426.49,$415.4238
06/12/2020,$418.07,6461127,$429,$434.06,$412.45
06/11/2020,$425.56,7462868,$428.2,$445.57,$424.1601
06/10/2020,$434.48,4896893,$436,$439.69,$430.55
06/09/2020,$434.05,6796999,$421.65,$434.73,$420.31
06/08/2020,$419.49,5851453,$416,$420.8,$406.5
06/05/2020,$419.6,5099561,$407.29,$420.2392,$404.25
06/04/2020,$414.33,5410529,$422.39,$428.71,$410.03
06/03/2020,$421.97,4316044,$426.95,$427.1,$418.05
06/02/2020,$427.31,3494801,$425.87,$427.59,$419.46
06/01/2020,$425.92,3748573,$418.83,$426.72,$415.98
05/29/2020,$419.73,5270484,$417.46,$420.295,$411.85
05/28/2020,$413.44,5660160,$417.24,$422.3717,$411.5
05/27/2020,$419.89,10446340,$410.38,$420.02,$397.86
05/26/2020,$414.77,7881115,$427.77,$428.5,$413.14
05/22/2020,$429.32,5422334,$437,$439.09,$427.18
05/21/2020,$436.25,9117325,$448.56,$448.96,$430.25
05/20/2020,$447.67,5607257,$454.25,$455.81,$444
05/19/2020,$451.04,4810487,$453.397,$458.97,$450.465
05/18/2020,$452.58,7780309,$451.16,$456.36,$443.35
05/15/2020,$454.19,7243998,$440.7,$455,$437.51
05/14/2020,$441.95,9007467,$444.9,$452.38,$432.82
05/13/2020,$438.27,7014563,$435.69,$447,$427.27
05/12/2020,$431.82,4598211,$442,$444.17,$431.36
05/11/2020,$440.52,5486037,$436.33,$444.8899,$435.56
05/08/2020,$435.55,5054308,$434.14,$442,$433.6389
05/07/2020,$436.53,5650281,$436.89,$438.88,$430.66
05/06/2020,$434.26,6660737,$429.3,$439.77,$426.385
05/05/2020,$424.68,6286293,$427.555,$431,$421.56
05/04/2020,$428.15,7799058,$417.78,$428.54,$414.87
05/01/2020,$415.27,8299858,$415.1,$427.97,$411.73
04/30/2020,$419.85,7953975,$410.31,$424.44,$408
04/29/2020,$411.89,9693137,$399.53,$415.86,$393.6
04/28/2020,$403.83,10101230,$419.99,$421,$402.9101
04/27/2020,$421.38,6277480,$425,$429,$420.84
04/24/2020,$424.99,8670362,$425,$427.17,$415.88
04/23/2020,$426.7,13952330,$419.26,$438.413,$419.26
04/22/2020,$421.42,21123770,$429.725,$433,$413
04/21/2020,$433.83,23177550,$444.77,$447,$425.6
04/20/2020,$437.49,12655820,$435.17,$444.49,$430.56
04/17/2020,$422.96,12616260,$431,$432,$414.695
04/16/2020,$439.17,16128670,$437,$449.52,$431.61
04/15/2020,$426.75,13561220,$413,$434.98,$412.25
04/14/2020,$413.55,11580980,$397.5,$417.82,$394.8468
04/13/2020,$396.72,11692920,$371.31,$400.51,$367.7003
04/09/2020,$370.72,7711296,$371.06,$372.1,$363.03
04/08/2020,$371.12,6908879,$374.01,$378.39,$368.31
04/07/2020,$372.28,7046438,$380,$381.33,$369.34
04/06/2020,$379.96,8183921,$365.22,$380.29,$361.71
04/03/2020,$361.76,4860768,$367.47,$370.9,$357.51
04/02/2020,$370.08,4592477,$364.08,$370.99,$360.06
04/01/2020,$364.08,6672454,$376.05,$380.233,$361.02
03/31/2020,$375.5,9366464,$367.93,$383.01,$366.44
03/30/2020,$370.96,8621964,$363,$377.8,$361.17
03/27/2020,$357.12,7948775,$359.09,$368.56,$353
03/26/2020,$362.99,7235016,$344,$363.84,$341.73
03/25/2020,$342.39,8767171,$361.02,$362,$339.17
03/24/2020,$357.32,11638680,$369.99,$372.93,$353.0301
03/23/2020,$360.27,13449380,$347.89,$366.11,$340.8838
03/20/2020,$332.83,10853850,$342.31,$350.49,$332
03/19/2020,$332.03,10615960,$324.33,$348.51,$316.82
03/18/2020,$315.47,12593650,$302.395,$331.5794,$300
03/17/2020,$319.75,10013910,$306.19,$322.9,$290.25
03/16/2020,$298.84,10559940,$306.63,$334.35,$294.75
03/13/2020,$336.295,9458197,$330.51,$336.42,$307.39
03/12/2020,$315.25,12071590,$326.5,$335.72,$307.32
03/11/2020,$349.92,6058782,$358.92,$362.98,$344.79
03/10/2020,$364.13,7604444,$356.425,$364.54,$347.85
03/09/2020,$346.49,7405458,$343.86,$357.47,$341.7209
03/06/2020,$368.97,8147165,$367.7,$371.31,$356.85
03/05/2020,$372.78,8746985,$381,$391.4,$368.6401
03/04/2020,$383.79,5487340,$377.77,$384.01,$370.51
03/03/2020,$368.77,8364623,$381.03,$393.52,$367.4
03/02/2020,$381.05,6997891,$373.11,$381.36,$364.502
02/28/2020,$369.03,11178570,$364.21,$376.77,$356.8
02/27/2020,$371.71,10967700,$371.46,$391.5624,$370.5962
02/26/2020,$379.24,8961126,$366.31,$382,$365
02/25/2020,$360.09,6481243,$372,$375.65,$357.72
02/24/2020,$368.7,6936418,$364.76,$372.82,$361
02/21/2020,$380.07,3935618,$385.33,$387.32,$377.9008
02/20/2020,$386,4079425,$386.56,$389.7,$376.68
02/19/2020,$386.19,4896368,$388.12,$392.95,$384.9
02/18/2020,$387.78,5180400,$379.3,$389.54,$379.19
02/14/2020,$380.4,3736266,$381.47,$385.15,$379.4342
02/13/2020,$381.4,4485383,$376.96,$385.37,$376.51
02/12/2020,$380.01,4624772,$377.18,$380.62,$375.88
02/11/2020,$373.69,4772870,$373.75,$378.11,$369.72
02/10/2020,$371.07,5294138,$365,$374.8,$362.52
02/07/2020,$366.77,4385227,$365.04,$371.8,$363.57
02/06/2020,$366.95,3920428,$369.6,$371.5499,$362.505
02/05/2020,$369.67,6437026,$375.125,$375.25,$362.3
02/04/2020,$369.01,7161451,$361,$369.57,$356.0964
02/03/2020,$358,6674885,$347.24,$359.63,$346.28
01/31/2020,$345.09,5230001,$347.39,$347.39,$340.98
01/30/2020,$347.74,5328136,$341.1,$348.2,$339.25
01/29/2020,$343.16,7649183,$349,$349.4,$338.55
01/28/2020,$348.52,6821581,$345.88,$352.4,$342.78
01/27/2020,$342.88,7709482,$345.95,$351.9,$341.02
01/24/2020,$353.16,17939680,$348.46,$359.85,$345.88
01/23/2020,$349.6,18200290,$326.04,$349.88,$325.01
01/22/2020,$326,21729960,$332.55,$336.3,$323.6
01/21/2020,$338.11,14350320,$340,$341,$332.59
01/17/2020,$339.67,6066547,$341,$341.57,$337.38
01/16/2020,$338.62,5015997,$343.5,$343.555,$335.85
01/15/2020,$339.07,5158035,$338.68,$343.17,$336.6
01/14/2020,$338.69,7201544,$344.4,$345.38,$335.52
01/13/2020,$338.92,6296174,$331.8,$340.85,$331.51
01/10/2020,$329.05,4720540,$337.13,$338.5,$327.27
01/09/2020,$335.66,4717430,$342,$343.4196,$334.6101
01/08/2020,$339.26,7109117,$331.49,$342.7,$331.05
01/07/2020,$330.75,4742458,$336.47,$336.7,$330.3
01/06/2020,$335.83,5668577,$323.12,$336.36,$321.2
01/03/2020,$325.9,3795466,$326.78,$329.8599,$325.53
01/02/2020,$329.81,4348493,$326.1,$329.98,$324.78
12/31/2019,$323.57,3714837,$322,$324.916,$321.09
12/30/2019,$323.31,4315267,$329.08,$329.185,$322.86
12/27/2019,$329.09,5037156,$332.96,$333.82,$326.01
12/26/2019,$332.63,3595854,$334.6,$336.4623,$332.01
12/24/2019,$333.2,2019322,$334.01,$335.7,$331.6
12/23/2019,$333.1,5767937,$337.76,$337.95,$331.0201
12/20/2019,$336.9,9923260,$335,$338,$330.6
12/19/2019,$332.22,9833355,$324.5,$332.83,$324.18
12/18/2019,$320.8,11210740,$316.26,$325.36,$315.6
12/17/2019,$315.48,10437130,$307.36,$316.8,$306.6
12/16/2019,$304.21,4660166,$300.85,$305.71,$298.63
12/13/2019,$298.5,3883069,$298.5,$301.8,$297.25
12/12/2019,$298.44,4771404,$295.67,$299.165,$295.06
12/11/2019,$298.93,5607155,$294.49,$299.43,$294.2
12/10/2019,$293.12,10481240,$296.12,$298.94,$292.02
12/09/2019,$302.5,5766006,$307.35,$311.49,$302.44
12/06/2019,$307.35,4459684,$304.7,$307.8495,$302.6
12/05/2019,$302.86,4618867,$305.27,$306.48,$298.81
12/04/2019,$304.32,3513551,$308.43,$308.43,$303.2727
12/03/2019,$306.16,5272447,$302.22,$307.36,$301.88
12/02/2019,$309.99,6223135,$314.39,$314.39,$303.75
11/29/2019,$314.66,2411749,$315.78,$316.62,$313.34
11/27/2019,$315.93,4100975,$313.93,$316.82,$312.75
11/26/2019,$312.49,5328348,$315,$316.5,$311.69
11/25/2019,$315.55,7878943,$308.83,$315.73,$305.25
11/22/2019,$310.48,5970056,$309.1,$311.4,$304.41
11/21/2019,$311.69,7488373,$306,$312.69,$304.2622
11/20/2019,$305.16,5115546,$301.01,$308.25,$301
11/19/2019,$302.6,5919710,$304.01,$305.6699,$298.5201
11/18/2019,$302.57,8621566,$296,$304.99,$293.28
11/15/2019,$295.03,6337779,$290.59,$295.8186,$287.568
11/14/2019,$289.62,6539771,$283.25,$290.63,$283.22
11/13/2019,$283.11,9233066,$291.03,$293.41,$281.14
11/12/2019,$292.01,5774833,$295.32,$295.345,$288.7
11/11/2019,$294.18,3945885,$289.16,$296.36,$288.5
11/08/2019,$291.57,4509588,$288.73,$293.99,$287.505
11/07/2019,$289.57,5928471,$290.7,$298.19,$288.2679
11/06/2019,$288.59,3438257,$288.19,$290.56,$285.84
11/05/2019,$288.03,4062370,$289.99,$291.19,$286.31
11/04/2019,$292.86,5566213,$288,$295.39,$287.16
11/01/2019,$286.81,5594293,$288.7,$289.12,$283.02
10/31/2019,$287.41,5090021,$291,$291.45,$284.78
10/30/2019,$291.45,9345562,$284.34,$293.49,$283
10/29/2019,$281.21,4356181,$281.87,$284.41,$277.545
10/28/2019,$281.86,6248433,$278.05,$285.75,$277.35
10/25/2019,$276.82,4747829,$270.68,$277.77,$270.18
10/24/2019,$271.5,4911033,$271.81,$274.02,$268.8
10/23/2019,$271.27,7154430,$268.06,$273.92,$266.63
10/22/2019,$266.69,11865590,$271.159,$275.41,$265.8
10/21/2019,$278.05,12633960,$272.89,$279.9399,$269
10/18/2019,$275.3,23449640,$289.36,$290.9,$273.36
10/17/2019,$293.35,38462340,$304.49,$308.75,$288.3001
10/16/2019,$286.28,18413340,$283.12,$288.17,$280.7431
10/15/2019,$284.25,7728161,$283.82,$285.87,$279.4
10/14/2019,$285.53,5543120,$283.93,$286.93,$282
10/11/2019,$282.93,8817301,$284.8,$287.87,$275.8947
10/10/2019,$280.48,10961190,$265.97,$280.53,$265.0337
10/09/2019,$267.53,6843488,$270.02,$271,$264.57
10/08/2019,$270.72,6302269,$273.03,$275.53,$270.6427
10/07/2019,$274.46,6796811,$271.99,$276.68,$271.28
10/04/2019,$272.79,9992774,$268.2,$275.4846,$266.47
10/03/2019,$268.15,9068810,$267.78,$268.843,$257.01
10/02/2019,$268.03,7773299,$263.61,$269.35,$262.19
10/01/2019,$269.58,8786284,$267.35,$272.2,$264.03
09/30/2019,$267.62,6823100,$264,$268.88,$262.78
09/27/2019,$263.08,7367491,$266.175,$267.44,$260.39
09/26/2019,$263.31,7696858,$266.42,$268.05,$260.2
09/25/2019,$264.75,11846750,$255.71,$266.6,$253.7
09/24/2019,$254.59,16392810,$262.5,$265,$252.28
09/23/2019,$265.92,13610290,$268.345,$273.39,$261.89
09/20/2019,$270.75,23954190,$280.26,$282.5,$266
09/19/2019,$286.6,8545761,$291.56,$293.81,$283.4
09/18/2019,$291.56,7841539,$294.99,$296.05,$287.45
09/17/2019,$298.6,4817119,$294.5,$299.15,$291.79
09/16/2019,$294.29,5307386,$294.23,$297.43,$289.78
09/13/2019,$294.15,6583124,$290.61,$296.62,$290.04
09/12/2019,$288.86,5010927,$288.1,$292.73,$286.6
09/11/2019,$288.27,7405949,$285.7,$292.65,$284.61
09/10/2019,$287.99,12320250,$291.16,$297.17,$282.6629
09/09/2019,$294.34,8232744,$294.81,$301.55,$290.6
09/06/2019,$290.17,5166556,$293.35,$293.35,$287.03
09/05/2019,$293.25,8972356,$285.32,$293.97,$282.785
09/04/2019,$291.52,4653665,$291.25,$292.38,$286.51
09/03/2019,$289.29,3684177,$290.82,$293.9,$288.06
08/30/2019,$293.75,4447990,$298.78,$298.94,$290.85
08/29/2019,$296.78,4392532,$295,$299.93,$294.99
08/28/2019,$291.77,3958043,$289.47,$292.82,$287.75
08/27/2019,$291.03,6314559,$294.54,$296.77,$287.1968
08/26/2019,$294.98,4696982,$295.24,$296.95,$292.5
08/23/2019,$291.44,6331189,$295,$299.01,$290.32
08/22/2019,$296.93,4977042,$298.65,$300.33,$293.15
08/21/2019,$297.81,5689746,$301.61,$302.88,$296.2
08/20/2019,$298.99,7352162,$304.57,$305,$297.6811
08/19/2019,$309.38,4951733,$306.25,$311.75,$304.75
08/16/2019,$302.8,7090757,$298.86,$303.55,$296.27
08/15/2019,$295.76,9683384,$299.5,$300.63,$288
08/14/2019,$299.11,7355753,$308.01,$308.41,$298.005
08/13/2019,$312.28,5338761,$309.77,$316.43,$308.16
08/12/2019,$310.83,6531722,$305.46,$312.89,$303.24
08/09/2019,$308.93,5349059,$313.74,$316.64,$305.68
08/08/2019,$315.9,5905865,$311.03,$316.3648,$306.63
08/07/2019,$304.29,9322433,$302.56,$305,$296.8126
08/06/2019,$310.1,6179090,$310.58,$311.88,$305.3
08/05/2019,$307.63,8692485,$310.96,$313.4179,$304.677
08/02/2019,$318.83,6280343,$317.49,$319.41,$311.8
08/01/2019,$319.5,6563156,$324.25,$328.58,$318.735
07/31/2019,$322.99,6259494,$325.16,$331.77,$318.53
07/30/2019,$325.93,6029320,$329.2,$329.65,$323.23
07/29/2019,$332.7,5782817,$335.98,$336.4,$328.77
07/26/2019,$335.78,10847500,$328.79,$336,$327.5
07/25/2019,$326.46,10798500,$318.86,$327.69,$316.3
07/24/2019,$317.94,11961820,$310.51,$319.99,$307.25
07/23/2019,$307.3,9171068,$311.44,$313.5,$306
07/22/2019,$310.62,17725330,$312,$314.54,$305.81
07/19/2019,$315.1,16302480,$323.4,$325.85,$314.23
07/18/2019,$325.21,31305900,$323.76,$329.85,$320.3
07/17/2019,$362.44,13639540,$366.25,$366.5,$361.75
07/16/2019,$365.99,5863222,$370.09,$371.34,$364.92
07/15/2019,$366.6,7944680,$372.94,$373.68,$362.3
07/12/2019,$373.25,6636937,$378.68,$379.7375,$372.7917
07/11/2019,$379.5,4336287,$381.1,$384.54,$378.8
07/10/2019,$381,5878790,$382.77,$384.3399,$377.4
07/09/2019,$379.93,6932822,$379.06,$384.76,$377.5
07/08/2019,$376.16,3113402,$378.19,$378.25,$375.36
07/05/2019,$380.55,3732162,$378.29,$381.4,$375.555
07/03/2019,$381.72,3799009,$376.69,$381.99,$375.84
07/02/2019,$375.43,3628962,$374.89,$376,$370.31
07/01/2019,$374.6,5001518,$373.5,$376.66,$372
06/28/2019,$367.32,4592706,$370.26,$371.5448,$364.87
06/27/2019,$370.02,4138575,$363.2,$370.85,$363.2
06/26/2019,$362.2,3669677,$361.6,$366.79,$361.6
06/25/2019,$360.3,5750383,$370.75,$370.9994,$358.29
06/24/2019,$371.04,4830240,$370.27,$375,$370.2
06/21/2019,$369.21,7448356,$365,$371.45,$365
06/20/2019,$365.21,5899467,$365.91,$370.12,$361.215
06/19/2019,$363.52,5667156,$361.72,$364.74,$356.12
06/18/2019,$357.12,5428542,$355.57,$361.5,$353.75
06/17/2019,$350.62,5358219,$342.69,$351.77,$342.06
06/14/2019,$339.73,5019011,$341.63,$343.4,$336.155
06/13/2019,$343.43,6209347,$347.23,$348.5,$339.25
06/12/2019,$345.56,4584704,$351.82,$353.61,$343.23
06/11/2019,$351.27,5396712,$355,$357.58,$348.5
06/10/2019,$352.01,7810261,$363.65,$367.1,$349.285
06/07/2019,$360.87,4777321,$357.39,$365.15,$355.69
06/06/2019,$357.13,3709955,$354.84,$358.21,$352.09
06/05/2019,$355.73,5020081,$354.38,$357.88,$348.71
06/04/2019,$353.4,7891632,$345,$353.61,$343.25
06/03/2019,$336.63,7849589,$343.56,$347.66,$332.65
05/31/2019,$343.28,5023449,$347.22,$349.34,$342.92
05/30/2019,$351.85,4008042,$350.55,$354.21,$348.3
05/29/2019,$349.19,5658913,$353.6,$353.8476,$345.9
05/28/2019,$354.78,4717144,$354.39,$361.2,$353.64
05/24/2019,$354.39,3830963,$355.41,$359.44,$353.791
05/23/2019,$352.21,5630443,$355.5,$357.42,$347.7
05/22/2019,$359.73,6229389,$358.01,$370.46,$357.3
05/21/2019,$354.27,4026369,$350.95,$356.425,$349.93
05/20/2019,$348.11,4621515,$351.23,$352.418,$345.4
05/17/2019,$354.45,4725448,$356.39,$359.62,$353.785
05/16/2019,$359.31,6441463,$356.37,$364,$353.935
05/15/2019,$354.99,6340118,$343.34,$356.5,$341.39
05/14/2019,$345.61,5353029,$348.71,$349.95,$342.5
05/13/2019,$345.26,8026697,$352.29,$354.26,$343.1
05/10/2019,$361.04,5657123,$361.62,$365.2578,$353.06
05/09/2019,$362.75,5882572,$360.9,$364.2,$352.75
05/08/2019,$364.37,6571957,$367.92,$369,$361.36
05/07/2019,$370.46,6974924,$377,$379.91,$365.81
05/06/2019,$378.67,5793144,$377.69,$381.35,$376
05/03/2019,$385.03,5130301,$381.53,$385.03,$378.2717
05/02/2019,$379.06,5398167,$378,$383.5,$374.51
05/01/2019,$378.81,9257284,$374,$385.99,$373.1746
04/30/2019,$370.54,3863973,$369.56,$374.5,$368.348
04/29/2019,$371.83,3764911,$373.68,$374.5753,$369.115
04/26/2019,$374.85,5615814,$368.35,$375.14,$366.24
04/25/2019,$368.33,6242518,$374.49,$374.76,$365.7
04/24/2019,$374.23,6519978,$381.07,$381.9,$373.2698
04/23/2019,$381.89,9992022,$375.45,$384.8,$374.7069
04/22/2019,$377.34,11959940,$359.7,$377.69,$359
04/18/2019,$360.35,8346470,$355,$360.41,$351.64
04/17/2019,$354.74,18009350,$365.05,$368.764,$350.6
04/16/2019,$359.46,18416450,$355,$364.4787,$352.72
04/15/2019,$348.87,8819081,$350.71,$352.21,$342.27
04/12/2019,$351.14,15605580,$360.69,$361.75,$349.36
04/11/2019,$367.65,6416155,$365,$370.12,$360.81
04/10/2019,$363.92,4537963,$365.79,$368.8481,$362.25
04/09/2019,$364.71,5431467,$360.54,$366.74,$359
04/08/2019,$361.41,4648877,$365.11,$365.94,$359.93
04/05/2019,$365.49,3898888,$369,$369.8,$364.66
04/04/2019,$367.88,4621965,$370.07,$372.05,$362.4
04/03/2019,$369.75,5366498,$369.26,$373.4105,$366.19
04/02/2019,$367.72,5114466,$366.25,$368.42,$362.22
04/01/2019,$366.96,6974045,$359,$368.33,$358.51
03/29/2019,$356.56,4700683,$357.16,$358.25,$353.71
03/28/2019,$354.61,4349820,$354.485,$355.94,$349.2
03/27/2019,$353.37,7826426,$361,$362.47,$350.37
03/26/2019,$359.97,7648249,$367.87,$368.38,$358.02
03/25/2019,$366.23,8464512,$359,$367.0399,$357.44
03/22/2019,$361.01,8627185,$375.95,$376.43,$360.04
03/21/2019,$377.87,8522990,$374,$379,$370.61
03/20/2019,$375.22,10784680,$358.91,$375.9,$357.01
03/19/2019,$358.78,7234757,$366.4,$366.96,$356.8
03/18/2019,$363.44,7187742,$362.47,$370.9705,$361.86
03/15/2019,$361.46,8438090,$361.02,$364,$358.89
03/14/2019,$358.82,5263947,$360.5,$363.84,$358.1008
03/13/2019,$361.21,6399141,$355.81,$362.48,$352.765
03/12/2019,$356.27,5161706,$359.37,$360.13,$353.8
03/11/2019,$358.86,5342609,$352,$358.98,$350.03
03/08/2019,$349.6,6891251,$345.75,$349.92,$342.47
03/07/2019,$352.6,6144401,$360.16,$362.86,$350.5
03/06/2019,$359.61,6194189,$353.6,$359.88,$351.7
03/05/2019,$354.3,5919936,$351.46,$356.17,$348.25
03/04/2019,$351.04,7478914,$359.72,$362.25,$348.0436
03/01/2019,$357.32,5466102,$362.26,$362.87,$354.6915
02/28/2019,$358.1,6157285,$362.47,$366.39,$357.709
02/27/2019,$362.87,5621615,$363.5,$368.03,$359.8
02/26/2019,$364.97,4924616,$362.98,$365.7,$359.33
02/25/2019,$363.91,7537507,$367.01,$371.49,$363.79
02/22/2019,$363.02,7077753,$360.34,$366.13,$360.05
02/21/2019,$356.97,6217185,$360.03,$362.85,$353.88
02/20/2019,$359.91,8101412,$364.85,$366.71,$356.7
02/19/2019,$361.92,7379683,$355.8,$365,$355.32
02/15/2019,$356.87,9218066,$358.47,$364.4,$355.5
02/14/2019,$359.07,9280393,$351.75,$360.45,$348.33
02/13/2019,$351.77,10529710,$357.3,$359.6,$350.28
02/12/2019,$359.97,10388190,$348.09,$360,$346.52
02/11/2019,$345.73,5438119,$350,$352.87,$344.81
02/08/2019,$347.57,7550268,$338,$348,$338
02/07/2019,$344.71,7850353,$347.9,$348.75,$339.02
02/06/2019,$352.19,6707279,$357,$357.04,$347.19
02/05/2019,$355.81,9030720,$353.2,$360,$352.9
02/04/2019,$351.34,9024097,$342.6,$352,$341.3
02/01/2019,$339.85,9822615,$337.18,$346.84,$336.5
01/31/2019,$339.5,8493725,$339.68,$345.99,$338.0919
01/30/2019,$340.66,9081266,$332.75,$341.78,$330.8
01/29/2019,$328.9,7619808,$335.87,$338.22,$328.151
01/28/2019,$335.66,8639403,$334.7,$336.3,$328.88
01/25/2019,$338.05,11147040,$328.72,$340,$328.51
01/24/2019,$326.67,11115040,$320.6,$331.8,$319
01/23/2019,$321.99,13456260,$328.25,$331.75,$318.6
01/22/2019,$325.16,17909440,$334.89,$336.88,$321.03
01/18/2019,$339.1,26583340,$351.97,$353,$336.73
01/17/2019,$353.19,18238350,$349.5,$355.79,$346.41
01/16/2019,$351.39,15345670,$354,$358.85,$348.11
01/15/2019,$354.64,21133450,$349.6,$357.22,$347
01/14/2019,$332.94,10460420,$334.24,$335.48,$329.13
01/11/2019,$337.59,19458690,$330.96,$341.09,$328.52
01/10/2019,$324.66,13398180,$314.57,$325.37,$312.5
01/09/2019,$319.96,13307980,$317.71,$323.3508,$313.5
01/08/2019,$320.27,15279550,$319.98,$320.593,$308.01
01/07/2019,$315.34,18586260,$302.1,$316.8,$301.65
01/04/2019,$297.57,19299450,$281.88,$297.8,$278.54
01/03/2019,$271.2,14946970,$270.2,$275.79,$264.43
01/02/2019,$267.66,11612970,$259.28,$269.7499,$256.58
12/31/2018,$267.66,13496880,$260.16,$270.1001,$260
12/28/2018,$256.08,10972920,$257.94,$261.9144,$249.8
12/27/2018,$255.565,12124430,$250.11,$255.59,$240.1
12/26/2018,$253.67,14203700,$233.92,$254.5,$231.23
12/24/2018,$233.88,9547616,$242,$250.65,$233.68
12/21/2018,$246.39,21359330,$263.83,$264.5,$241.29
12/20/2018,$260.58,16769340,$264.64,$269.9,$251.88
12/19/2018,$266.77,13767940,$269.96,$280.87,$263.77
12/18/2018,$270.94,10330450,$263.3,$275.75,$263.29
12/17/2018,$262.8,9616301,$266.51,$272.98,$261.075
12/14/2018,$266.84,9908930,$271.81,$277.6665,$265
12/13/2018,$276.02,8373219,$277.64,$279.32,$271.85
12/12/2018,$274.88,11439180,$267.66,$281.7695,$266.48
12/11/2018,$265.32,9823745,$274.08,$274.5,$262.76
12/10/2018,$269.7,9582549,$264.19,$271.18,$260.6094
12/07/2018,$265.14,12454720,$282.48,$284.209,$263.38
12/06/2018,$282.88,13043830,$268.33,$283.22,$267.14
12/04/2018,$275.33,12762320,$288.13,$295.74,$274.72
12/03/2018,$290.3,14098100,$293.19,$298.72,$284.58
11/30/2018,$286.13,11835670,$288,$290.81,$283.061
11/29/2018,$288.75,15016520,$282.32,$290.49,$275.5
11/28/2018,$282.65,14773990,$271.98,$284,$263.34
11/27/2018,$266.63,10956480,$259.24,$269.08,$256.14
11/26/2018,$261.43,12490330,$260.55,$266.25,$253.8
11/23/2018,$258.82,5245123,$260.11,$265.5,$256.84
11/21/2018,$262.13,11014290,$274.42,$275.34,$261.51
11/20/2018,$266.98,16676540,$254.63,$276.34,$250
11/19/2018,$270.6,12486920,$283.79,$285.09,$269.15
11/16/2018,$286.21,9084589,$287.14,$291.72,$281
11/15/2018,$290.06,9874546,$285.51,$292.5,$282.16
11/14/2018,$286.73,16807390,$300.4,$301.84,$278.2969
11/13/2018,$294.4,12117170,$295,$303.55,$289.1
11/12/2018,$294.07,10886490,$300,$302.49,$290.63
11/09/2018,$303.47,13463170,$311.07,$312.98,$298.01
11/08/2018,$317.92,11008020,$328,$332.0499,$316.6103
11/07/2018,$327.5,13308030,$312.9,$328.56,$311
11/06/2018,$310.84,9659785,$314.76,$320.22,$305.3
11/05/2018,$315.44,10247430,$311.1,$317.53,$303.74
11/02/2018,$309.1,13356130,$318,$321.88,$308.33
11/01/2018,$317.38,15031690,$304.59,$318.45,$296.67
10/31/2018,$301.78,20092970,$297.77,$311.5,$295.05
10/30/2018,$285.81,23622680,$275.57,$290.525,$271.2093
10/29/2018,$284.84,21662320,$305.26,$307.89,$275.4
10/26/2018,$299.83,19591690,$300.51,$313.99,$292.3
10/25/2018,$312.87,13285040,$307.12,$319.94,$305.25
10/24/2018,$301.83,18926130,$332.28,$333,$300.73
10/23/2018,$333.16,14880870,$318,$336.58,$316.77
10/22/2018,$329.54,17081350,$333.1,$335.8,$320.34
10/19/2018,$332.67,16696220,$351,$355.8,$332.2
10/18/2018,$346.71,18067760,$360.673,$362.2,$346.05
10/17/2018,$364.7,32564190,$378.33,$380,$356.5
10/16/2018,$346.4,19670560,$337.24,$347.95,$330.555
10/15/2018,$333.13,11177510,$337.63,$339.2057,$326.93
10/12/2018,$339.56,14806860,$339.57,$341.3,$328.9
10/11/2018,$321.1,16020690,$324.94,$334.2,$315.81
10/10/2018,$325.89,17063660,$353.52,$355.15,$325.39
10/09/2018,$355.71,8730976,$348.48,$358.72,$347.09
10/08/2018,$349.1,12367510,$345.18,$352.945,$338.11
10/05/2018,$351.35,13512410,$359.77,$363.5,$343
10/04/2018,$363.65,9052362,$375.88,$375.92,$360.4
10/03/2018,$377.05,5791686,$378.53,$380.93,$374.881
10/02/2018,$377.14,8620881,$384.38,$386.7999,$373.83
10/01/2018,$381.43,8339887,$375.85,$386.11,$375.59
09/28/2018,$374.13,7104066,$379.24,$380.8,$373.73
09/27/2018,$380.71,7295123,$379.87,$383.2,$376
09/26/2018,$377.88,13540220,$373.59,$382,$370.88
09/25/2018,$369.43,6775710,$370.23,$371.34,$364.492
09/24/2018,$369.61,9284561,$359,$373.64,$354.33
09/21/2018,$361.19,11894650,$366.59,$372.22,$360.74
09/20/2018,$365.36,6756310,$370.26,$370.26,$363.17
09/19/2018,$366.96,11842150,$373.95,$377.61,$359.17
09/18/2018,$367.65,10387420,$353.67,$368.15,$351.56
09/17/2018,$350.35,7017306,$364.22,$367.33,$349.57
09/14/2018,$364.56,4735893,$368.55,$371.09,$363.46
09/13/2018,$368.15,8349938,$371.91,$374.09,$366.84
09/12/2018,$369.95,10360140,$359.08,$370.43,$356.24
09/11/2018,$355.93,6190391,$344.67,$356.15,$343.9001
09/10/2018,$348.41,5732200,$352.27,$352.5,$343.08
09/07/2018,$348.68,9094700,$342.2,$355.75,$341.25
09/06/2018,$346.46,13029930,$347.44,$356,$341.99
09/05/2018,$341.18,13072940,$360,$363.39,$335.83
09/04/2018,$363.6,7590605,$366.47,$368.88,$361.26
08/31/2018,$367.68,7918045,$370.66,$376,$367.0766
08/30/2018,$370.98,10969500,$365,$376.8085,$363.54
08/29/2018,$368.04,8103592,$367.2,$369.86,$362.91
08/28/2018,$368.49,9190409,$367.23,$369.99,$360.38
08/27/2018,$364.58,17371910,$367.145,$374.49,$360
08/24/2018,$358.82,14705630,$346,$359.15,$344.541
08/23/2018,$339.17,11312170,$348.11,$350.08,$337.65
08/22/2018,$344.44,8912548,$338.49,$346.21,$337.406
08/21/2018,$338.02,14501880,$331,$341.5,$329.7
08/20/2018,$327.73,13564480,$314.64,$331.6,$310.928
08/17/2018,$316.78,10370280,$319.01,$324.365,$312.96
08/16/2018,$322.44,6674219,$329.9,$331.17,$321.2138
08/15/2018,$326.4,11746500,$334.03,$335.4962,$321
08/14/2018,$337.49,5791723,$342.09,$342.41,$336.25
08/13/2018,$341.31,6884455,$339.89,$347.19,$339.07
08/10/2018,$345.87,4327581,$346.91,$349.1,$344.4233
08/09/2018,$349.36,4680889,$347.96,$352.439,$345.8157
08/08/2018,$347.61,5392715,$352.21,$352.29,$346.61
08/07/2018,$351.83,7952555,$353.23,$357.31,$349.01
08/06/2018,$350.92,8186587,$342.865,$351.98,$341.74
08/03/2018,$343.09,8836308,$347.75,$347.86,$338.4768
08/02/2018,$344.5,7111670,$337.23,$345,$334.71
08/01/2018,$338.38,7761986,$335.87,$344.41,$334.02
07/31/2018,$337.45,14039440,$331.51,$342.5,$328
07/30/2018,$334.96,18227810,$351.93,$352.03,$334.0201
07/27/2018,$355.21,8938523,$366.85,$367,$351.65
07/26/2018,$363.09,6961506,$358.19,$365.54,$356.625
07/25/2018,$362.87,8382441,$357.57,$363.28,$355.65
07/24/2018,$357.32,12829360,$366.94,$367.4,$354.56
07/23/2018,$362.66,11463490,$359.145,$363.9,$353.6
07/20/2018,$361.05,15089420,$364.92,$370.5,$360.14
07/19/2018,$364.23,16829630,$371.06,$375.749,$363
07/18/2018,$375.13,21706840,$381.24,$383.13,$372.3552
07/17/2018,$379.48,58303640,$346.95,$385,$344
07/16/2018,$400.48,22225460,$398.98,$403.355,$391.75
07/13/2018,$395.8,15695110,$409.19,$410,$395.081
07/12/2018,$413.5,12703940,$415.155,$416.79,$407.8
07/11/2018,$418.65,9635060,$411.34,$419.77,$410.6
07/10/2018,$415.63,9205902,$417.24,$419.44,$413.08
07/09/2018,$418.97,11091340,$415.95,$419.12,$411.1
07/06/2018,$408.25,8568382,$397.45,$408.6495,$395.5225
07/05/2018,$398.39,8418116,$393.8,$399.24,$390.86
07/03/2018,$390.52,5280344,$399.49,$399.98,$389.5
07/02/2018,$398.18,8125655,$385.45,$398.38,$380
06/29/2018,$391.43,9228678,$399.19,$401.3299,$390.55
06/28/2018,$395.42,12202630,$395,$396.9,$387.1
06/27/2018,$390.39,16495200,$407.56,$411.5865,$390
06/26/2018,$399.39,15165630,$393.28,$404.78,$389.05
06/25/2018,$384.48,22458240,$404.69,$405.99,$378.75
06/22/2018,$411.09,10410580,$419.98,$420.5,$409.651
06/21/2018,$415.44,18048570,$421.38,$423.2056,$406.3701
06/20/2018,$416.76,16453370,$415.15,$419.4675,$409.6
06/19/2018,$404.98,16673810,$389.5,$405.29,$388.5
06/18/2018,$390.4,6800984,$387.72,$393.16,$386.5
06/15/2018,$391.98,13569210,$390.71,$398.86,$387.51
06/14/2018,$392.87,14549540,$384.27,$395.03,$383.25
06/13/2018,$379.93,18186020,$367.53,$384.2537,$364.11
06/12/2018,$363.83,4220072,$363.6,$365.98,$362
06/11/2018,$361.45,4415776,$361.88,$365.67,$360.91
06/08/2018,$360.57,5222873,$358.06,$362.39,$356.25
06/07/2018,$361.4,8260323,$368.54,$368.7,$357.8
06/06/2018,$367.45,7700033,$367.7848,$369.6799,$363.33
06/05/2018,$365.8,8346886,$363.32,$369.83,$361.4124
06/04/2018,$361.81,7662865,$362.685,$363,$355.51
06/01/2018,$359.93,7102421,$353.88,$359.99,$352.82
05/31/2018,$351.6,6906813,$353.8,$355.53,$350.21
05/30/2018,$353.54,5658169,$352.37,$354,$349.26
05/29/2018,$349.73,9700413,$351.5,$356.1,$346.71
05/25/2018,$351.29,7801602,$349.9,$354.36,$348.83
05/24/2018,$349.29,14493130,$344.34,$354,$341.12
05/23/2018,$344.72,10021210,$329.04,$345,$328.09
05/22/2018,$331.62,5916643,$334.05,$336.63,$331.15
05/21/2018,$331.82,6596446,$327.11,$331.88,$325.45
05/18/2018,$324.18,3574961,$324.9,$326.42,$322.8
05/17/2018,$325.22,4927856,$327.53,$330.45,$323.1734
05/16/2018,$328.19,3664326,$326.28,$329.72,$325.14
05/15/2018,$326.13,4739263,$325.94,$326.94,$322.434
05/14/2018,$328.53,4086250,$327.25,$330.5038,$327.04
05/11/2018,$326.46,4584430,$329.65,$331.26,$324.87
05/10/2018,$329.6,5232784,$331.5,$332.055,$327.3438
05/09/2018,$330.3,5623407,$328.79,$331.95,$327.51
05/08/2018,$326.89,4694953,$325.9,$327.348,$323.05
05/07/2018,$326.26,7121198,$321.9947,$329.0234,$319.34
05/04/2018,$320.09,8204203,$308.71,$320.98,$307.67
05/03/2018,$311.69,6037386,$312.59,$312.59,$305.73
05/02/2018,$313.36,5577613,$311.65,$317.1,$310.4034
05/01/2018,$313.3,6014838,$310.36,$313.48,$306.69
04/30/2018,$312.46,6066764,$311.07,$317.88,$310.118
04/27/2018,$311.76,7070118,$316.25,$317.45,$306.5
04/26/2018,$313.98,9223707,$310,$316.63,$305.58
04/25/2018,$305.76,14763940,$306.37,$309.98,$292.615
04/24/2018,$307.02,13873450,$319.217,$320.249,$302.31
04/23/2018,$318.69,8871631,$329.15,$331.22,$317.08
04/20/2018,$327.77,9116941,$332.22,$336.51,$326
04/19/2018,$332.7,8420032,$332.88,$335.31,$326.77
04/18/2018,$334.52,11175190,$336.3,$338.82,$331.1
04/17/2018,$336.06,33811180,$329.66,$338.62,$323.77
04/16/2018,$307.78,19782250,$315.99,$316.1,$304
04/13/2018,$311.65,12001850,$317.29,$317.49,$308.23
04/12/2018,$309.25,10206660,$309.719,$311.13,$306.75
04/11/2018,$303.67,14839040,$302.885,$311.64,$301.82
04/10/2018,$298.07,10669840,$297.68,$298.95,$291.69
04/09/2018,$289.93,9833068,$291.77,$299.55,$289.12
04/06/2018,$288.85,11362890,$289.1,$298.85,$285.65
04/05/2018,$293.97,10569180,$293.15,$299.16,$289.11
04/04/2018,$288.94,12892670,$273.63,$290.31,$271.2239
04/03/2018,$283.67,12669270,$285.45,$291.25,$278.01
04/02/2018,$280.29,13343310,$291.94,$292.87,$275.05
03/29/2018,$295.35,19115850,$287,$295.35,$275.9
03/28/2018,$285.77,18949520,$298.39,$298.8,$281.61
03/27/2018,$300.69,12028240,$322.49,$322.9,$297
03/26/2018,$320.35,11970640,$309.36,$321.03,$302
03/23/2018,$300.94,9504181,$307.41,$310.73,$300.36
03/22/2018,$306.7,7959714,$313.07,$314.12,$305.66
03/21/2018,$316.48,5061869,$316.35,$319.4,$314.511
03/20/2018,$317.5,5983240,$313.26,$319.5,$312.8
03/19/2018,$313.48,9844201,$315.8,$317,$307.34
03/16/2018,$318.45,7315268,$321.42,$324.11,$318.37
03/15/2018,$321.09,5465467,$323.17,$323.4,$318.14
03/14/2018,$321.55,10463840,$318.16,$323.88,$317.7
03/13/2018,$315.88,12878750,$323.87,$325.8409,$313.278
03/12/2018,$321.3,20277420,$333.56,$333.98,$318.6
03/09/2018,$331.44,14320240,$321.33,$331.44,$320.23
03/08/2018,$317,11366700,$322.2,$322.9176,$314.13
03/07/2018,$321.16,17110740,$320,$323.74,$314.55
03/06/2018,$325.22,18245450,$319.88,$325.79,$316.5
03/05/2018,$315,18957770,$302.85,$316.91,$297.6
03/02/2018,$301.05,13278500,$284.65,$301.18,$283.23
03/01/2018,$290.39,11892990,$292.75,$295.25,$283.83
02/28/2018,$291.38,7501444,$293.1,$295.75,$290.78
02/27/2018,$290.61,9247414,$294.77,$297.36,$290.59
02/26/2018,$294.16,10256830,$288.75,$295.6475,$287.01
02/23/2018,$285.93,7292789,$281,$286,$277.81
02/22/2018,$278.14,8878337,$283.88,$284.5,$274.45
02/21/2018,$281.04,9348109,$282.07,$286.64,$280.01
02/20/2018,$278.55,7754759,$277.74,$285.812,$276.61
02/16/2018,$278.52,8302883,$278.73,$281.96,$275.69
02/15/2018,$280.27,10724010,$270.03,$280.5,$267.63
02/14/2018,$266,10948740,$260.47,$269.88,$260.33
02/13/2018,$258.27,6805745,$257.29,$261.41,$254.7
02/12/2018,$257.95,8518564,$252.14,$259.15,$249
02/09/2018,$249.47,16899060,$253.85,$255.7999,$236.11
02/08/2018,$250.1,9267707,$267.08,$267.62,$250
02/07/2018,$264.56,8729209,$266.58,$272.45,$264.325
02/06/2018,$265.72,12412240,$247.7,$266.7,$245
02/05/2018,$254.26,11816490,$262,$267.899,$250.03
02/02/2018,$267.43,9030600,$263,$270.62,$262.71
02/01/2018,$265.07,9651161,$266.41,$271.95,$263.38
01/31/2018,$270.3,11653530,$281.94,$282.289,$269.58
01/30/2018,$278.8,12055820,$277,$282.73,$272.7
01/29/2018,$284.59,17377340,$274.2,$286.81,$273.92
01/26/2018,$274.6,10932370,$271.485,$274.6,$268.76
01/25/2018,$269.7,15311560,$263,$272.3,$260.23
01/24/2018,$261.3,17193780,$250.88,$261.71,$249.311
01/23/2018,$250.29,27637170,$255.05,$257.71,$248.02
01/22/2018,$227.58,17128090,$222,$227.785,$221.2
01/19/2018,$220.46,10356210,$222.75,$223.49,$218.5
01/18/2018,$220.33,8212094,$220.34,$220.58,$216.55
01/17/2018,$217.5,9070403,$221,$221.15,$216.32
01/16/2018,$221.53,13495260,$224.24,$226.07,$217.2
01/12/2018,$221.23,8190531,$217.18,$222.55,$216
01/11/2018,$217.24,6988980,$214.29,$217.75,$213.35
01/10/2018,$212.52,5948247,$207.57,$213.64,$206.91
01/09/2018,$209.31,6111640,$212.11,$212.98,$208.59
01/08/2018,$212.05,5550909,$210.02,$212.5,$208.44
01/05/2018,$209.99,7003241,$207.25,$210.02,$205.59
01/04/2018,$205.63,6019937,$206.2,$207.05,$204.0006
01/03/2018,$205.05,8585808,$202.05,$206.21,$201.5
01/02/2018,$201.07,10891830,$196.1,$201.65,$195.42
12/29/2017,$191.96,5180539,$192.51,$193.95,$191.22
12/28/2017,$192.71,10097040,$187.18,$194.49,$186.85
12/27/2017,$186.24,3990782,$187.8,$188.1,$185.22
12/26/2017,$187.76,3044444,$189.78,$189.94,$186.4
12/22/2017,$189.94,3772823,$188.33,$190.95,$186.8
12/21/2017,$188.62,3548372,$189.44,$190.95,$187.58
12/20/2017,$188.82,6408432,$187.94,$189.11,$185.26
12/19/2017,$187.02,7025428,$190.18,$190.2981,$185.75
12/18/2017,$190.42,5007915,$191.2,$191.65,$188.9
12/15/2017,$190.12,7272899,$189.61,$191.43,$188.01
12/14/2017,$189.56,7758883,$187.98,$192.64,$187.2
12/13/2017,$187.86,4702165,$186.1,$188.69,$185.41
12/12/2017,$185.73,4165826,$186.01,$187.85,$184.8183
12/11/2017,$186.22,5253442,$187.85,$189.42,$185.91
12/08/2017,$188.54,4964188,$186.5,$189.42,$186.3
12/07/2017,$185.2,4656700,$185.71,$187.34,$183.22
12/06/2017,$185.3,5355126,$183.38,$186.4844,$182.88
12/05/2017,$184.21,5781783,$183.5,$188.14,$181.19
12/04/2017,$184.04,9066897,$189.36,$189.72,$178.38
12/01/2017,$186.82,6216025,$186.99,$189.8,$185
11/30/2017,$187.58,6615516,$190.31,$190.86,$186.68
11/29/2017,$188.15,14180450,$198.91,$199.029,$184.32
11/28/2017,$199.18,6975416,$195.34,$199.68,$194.01
11/27/2017,$195.05,3200207,$195.56,$195.85,$194
11/24/2017,$195.75,2160535,$196.65,$196.9,$195.33
11/22/2017,$196.32,5892321,$196.58,$196.75,$193.63
11/21/2017,$196.23,4618281,$195.04,$197.52,$194.971
11/20/2017,$194.1,3748824,$193.3,$194.32,$191.9
11/17/2017,$193.2,3902383,$195.74,$195.95,$192.65
11/16/2017,$195.51,5669799,$194.33,$197.7,$193.75
11/15/2017,$192.12,4198868,$194.54,$195.42,$191.53
11/14/2017,$195.71,3440382,$193.64,$195.88,$193
11/13/2017,$195.08,4605285,$191.12,$196.05,$191
11/10/2017,$192.02,6619613,$191.61,$192.59,$189.5
11/09/2017,$193.9,5959214,$194.46,$194.49,$190.81
11/08/2017,$196.44,4233343,$196,$197.09,$194.74
11/07/2017,$195.89,6460587,$200,$200.61,$194.8
11/06/2017,$200.13,5845181,$200,$202.48,$198.09
11/03/2017,$200.01,3676766,$199.8,$200.55,$197.99
11/02/2017,$199.32,3596049,$197.45,$199.44,$197.0901
11/01/2017,$198,5007021,$197.24,$199.199,$196
10/31/2017,$196.43,5511925,$198.21,$198.59,$195.218
10/30/2017,$198.37,5434844,$199.62,$201.099,$197.0721
10/27/2017,$199.54,8122338,$197.2,$200.65,$196.22
10/26/2017,$195.21,5173212,$194.66,$197.61,$194.08
10/25/2017,$193.77,5313036,$195.38,$197.055,$193.01
10/24/2017,$196.02,7052166,$192.75,$196.735,$191.4
10/23/2017,$192.47,6975651,$194.17,$194.8999,$191.0346
10/20/2017,$194.16,5989595,$195.9,$196.38,$193.77
10/19/2017,$195.13,7030873,$193.01,$195.25,$191.16
10/18/2017,$195.54,11188190,$199.99,$200.01,$194.25
10/17/2017,$199.48,23855850,$200.11,$204.38,$197.77
10/16/2017,$202.68,21777940,$201.95,$202.83,$197.86
10/13/2017,$199.49,12046030,$199.7,$200.8199,$197.1866
10/12/2017,$195.86,7765111,$196.75,$198.62,$194.71
10/11/2017,$194.95,6438060,$195.57,$196.2199,$193.81
10/10/2017,$195.08,6231196,$197.85,$198.3,$192.1
10/09/2017,$196.87,6966384,$199.1,$199.4,$196.56
10/06/2017,$198.02,15253890,$194.3,$198.92,$192.05
10/05/2017,$194.39,19360960,$185.65,$194.49,$184.49
10/04/2017,$184.45,9190513,$181.41,$186.7,$181.25
10/03/2017,$179.19,3952185,$177.65,$179.7,$177.55
10/02/2017,$177.01,7335949,$182.11,$182.8,$176.58
09/29/2017,$181.35,4221112,$180.73,$182.9,$180.65
09/28/2017,$180.7,4074395,$181.25,$181.95,$179.36
09/27/2017,$181.97,4988515,$181.01,$183.34,$180.7
09/26/2017,$179.38,5599875,$180.7,$180.95,$176.55
09/25/2017,$178.55,9359710,$186.46,$186.55,$177.7
09/22/2017,$187.35,5456048,$188.4,$189.85,$186.39
09/21/2017,$188.78,7141660,$185.82,$189.95,$184.51
09/20/2017,$185.51,4613591,$186.1,$186.5,$183.2
09/19/2017,$185.68,4963088,$184.98,$186.23,$184.17
09/18/2017,$184.62,5355228,$183.61,$185.45,$182.73
09/15/2017,$182.35,5577062,$182.73,$184.93,$181.43
09/14/2017,$182.63,4500701,$183.25,$185.2882,$182.07
09/13/2017,$183.64,4312431,$184.07,$184.4995,$182.55
09/12/2017,$185.15,6681405,$182.55,$185.33,$180.6435
09/11/2017,$181.74,5974055,$178.1,$182.47,$178.03
09/08/2017,$176.42,4589146,$178.45,$180.39,$176.25
09/07/2017,$179,6015599,$178.8,$180.35,$177.1
09/06/2017,$179.25,8736860,$175.25,$179.46,$173.73
09/05/2017,$174.52,4595245,$173.4,$175.88,$172.44
09/01/2017,$174.74,3810598,$175.55,$176.48,$173.92
08/31/2017,$174.71,6931894,$175.45,$176.24,$173.86
08/30/2017,$174.69,8026646,$169.5,$174.85,$169.37
08/29/2017,$168.81,4615061,$165,$169.68,$164.73
08/28/2017,$167.12,3644835,$166.43,$168.67,$165.6
08/25/2017,$165.95,4060283,$168.58,$168.75,$165.5
08/24/2017,$168.13,5358588,$169.86,$171.2363,$166.15
08/23/2017,$169.06,4630286,$168.35,$169.64,$166.7
08/22/2017,$169.34,4881545,$167.76,$169.93,$167.04
08/21/2017,$166.76,6475177,$166.91,$168.99,$164.23
08/18/2017,$166.54,7382033,$165.95,$169.97,$165.8
08/17/2017,$166.09,5192068,$169.23,$170.58,$165.72
08/16/2017,$169.98,7008791,$167.5,$170.5,$166.25
08/15/2017,$168.5,5531580,$171.53,$171.88,$168.25
08/14/2017,$171,7463217,$169.8,$172.45,$168.8
08/11/2017,$171.4,5020823,$169.86,$172.58,$169
08/10/2017,$169.14,9622203,$174.03,$174.45,$167.6
08/09/2017,$175.78,9658249,$171.43,$175.96,$170.01
08/08/2017,$178.36,5951139,$181.37,$181.91,$177.45
08/07/2017,$181.33,4607985,$181,$182.27,$179.1
08/04/2017,$180.27,4488247,$179.6,$181,$178.5
08/03/2017,$179.23,4621346,$180.53,$181.2248,$178.02
08/02/2017,$180.74,5759754,$182.22,$182.57,$177.8149
08/01/2017,$182.03,5057534,$182.49,$184.62,$181.43
07/31/2017,$181.66,4865555,$184.26,$184.9738,$180.65
07/28/2017,$184.04,6200163,$182,$185.03,$181.18
07/27/2017,$182.68,11215160,$189.89,$190,$179.38
07/26/2017,$189.08,4463927,$187.7,$189.7043,$187.51
07/25/2017,$186.97,5370777,$187.79,$188.66,$185.81
07/24/2017,$187.91,8787797,$188.685,$190.25,$187.01
07/21/2017,$188.54,9258337,$182.72,$191.5,$182.71
07/20/2017,$183.6,7873110,$183.84,$185.92,$182.7
07/19/2017,$183.86,17240990,$182.97,$187.17,$181.75
07/18/2017,$183.6,41525590,$176.12,$185,$174.24
07/17/2017,$161.7,16681910,$162.91,$163.55,$160.0201
07/14/2017,$161.12,5520100,$159.3,$161.35,$157.97
07/13/2017,$158.21,6694418,$158.51,$160.13,$156.98
07/12/2017,$158.75,8283452,$155.77,$158.8,$155.77
07/11/2017,$154.33,4887326,$152.37,$155.23,$151.55
07/10/2017,$152.67,5201728,$150.34,$153.23,$149.65
07/07/2017,$150.18,5494083,$146.65,$150.75,$146.65
07/06/2017,$146.25,5483358,$146.13,$147.27,$144.25
07/05/2017,$147.61,4621712,$146.58,$148.26,$145.58
07/03/2017,$146.17,3908215,$149.8,$150.45,$145.8
06/30/2017,$149.41,5210381,$149.76,$150.71,$148.42
06/29/2017,$150.09,7140247,$152.82,$152.82,$148
06/28/2017,$153.41,5585346,$151.64,$154.2,$150.12
06/27/2017,$151.03,7418109,$156.62,$156.9775,$150.7197
06/26/2017,$157.5,6008732,$158.78,$159.97,$156.56
06/23/2017,$158.02,6248042,$155.01,$158.19,$153.76
06/22/2017,$154.89,3765517,$155.13,$155.2,$153.7
06/21/2017,$155.03,5795132,$152.5,$155.38,$152.26
06/20/2017,$152.05,4876683,$153.68,$154.5,$151.4
06/19/2017,$153.4,6523551,$154.29,$155.58,$152.41
06/16/2017,$152.38,6807227,$151.45,$153.53,$150.39
06/15/2017,$151.76,7001046,$149.44,$152.56,$147.3
06/14/2017,$152.2,6452765,$154.34,$155.615,$150.28
06/13/2017,$152.72,8475433,$154.38,$155.68,$150.13
06/12/2017,$151.44,14093750,$155.3,$155.53,$148.31
06/09/2017,$158.03,10284740,$166.27,$166.27,$154.5
06/08/2017,$165.88,3702747,$166.12,$166.87,$164.84
06/07/2017,$165.61,3350386,$165.6,$166.4,$164.4086
06/06/2017,$165.17,4372886,$164.95,$166.82,$164.51
06/05/2017,$165.06,3869108,$165.49,$165.5,$163.43
06/02/2017,$165.18,4254060,$163.42,$165.36,$162.8
06/01/2017,$162.99,3886772,$163.52,$163.9316,$161.7
05/31/2017,$163.07,5340487,$163.61,$164,$160.74
05/30/2017,$163.22,4824557,$163.6,$164.75,$162.71
05/26/2017,$162.43,4827059,$162.84,$163.05,$161.12
05/25/2017,$163.05,8546534,$161,$164.1,$160.55
05/24/2017,$157.75,2987583,$158.35,$158.48,$157.17
05/23/2017,$157.95,3366049,$157.75,$158.31,$156.8
05/22/2017,$157.16,3736670,$157.86,$158.6,$156.43
05/19/2017,$157.02,4066231,$156.15,$158.05,$155.91
05/18/2017,$155.7,6285353,$153.61,$156.89,$153.24
05/17/2017,$153.2,8163606,$158.09,$158.78,$153
05/16/2017,$159.41,3453054,$160.5,$161.18,$159.33
05/15/2017,$160.02,4962525,$160.25,$161.78,$159.76
05/12/2017,$160.81,5090191,$159.11,$160.84,$158.51
05/11/2017,$158.54,5674144,$160.33,$160.52,$157.55
05/10/2017,$160.28,6861501,$157.82,$161.1,$156.56
05/09/2017,$157.46,3908571,$156.1,$157.85,$155.97
05/08/2017,$156.38,4815698,$156.55,$157.64,$155.3
05/05/2017,$156.6,5323438,$158.55,$158.59,$155.9
05/04/2017,$157.25,5556821,$155.59,$157.9,$154.55
05/03/2017,$155.59,3926516,$156.29,$156.54,$154.88
05/02/2017,$156.45,5095295,$155.76,$156.5,$154.61
05/01/2017,$155.35,9015042,$151.91,$157.7,$151.61
04/28/2017,$152.2,6359327,$152.71,$152.97,$150.94
04/27/2017,$153.08,7706060,$150.6,$153.49,$149.3
04/26/2017,$150.17,9262866,$151.53,$152.15,$148.9
04/25/2017,$152.16,20655120,$147.46,$153.52,$146.22
04/24/2017,$143.83,4792932,$143.61,$144.5,$143.4
04/21/2017,$142.87,6246613,$141.39,$143.03,$140.9028
04/20/2017,$141.18,7244579,$140.3,$141.8,$139.27
04/19/2017,$139.76,12387400,$143.37,$144,$138.66
04/18/2017,$143.36,19662640,$147.34,$147.4,$140
04/17/2017,$147.25,15993460,$144.43,$147.32,$144.43
04/13/2017,$142.92,3676127,$144.25,$144.55,$142.76
04/12/2017,$143.83,4383524,$144.85,$145.74,$143.55
04/11/2017,$144.35,4619263,$144.28,$144.54,$141.98
04/10/2017,$143.85,5796446,$143.04,$144.65,$141.21
04/07/2017,$143.11,3032571,$143.79,$143.89,$142.71
04/06/2017,$143.74,3306032,$144,$144.14,$143.01
04/05/2017,$143.62,4584578,$146.19,$146.25,$143.26
04/04/2017,$145.5,4345284,$146.84,$147.09,$144.89
04/03/2017,$146.92,4604731,$146.7,$148.005,$145.74
03/31/2017,$147.81,3880682,$148,$148.225,$147.33
03/30/2017,$148.06,4452168,$146.81,$148.29,$146.53
03/29/2017,$146.47,3847977,$145.5,$147.18,$144.9089
03/28/2017,$145.17,4636300,$144.1,$146.11,$143.92
03/27/2017,$144.06,4768197,$140.83,$144.39,$140
03/24/2017,$142.02,3545875,$142.36,$142.8,$141.58
03/23/2017,$141.84,3703193,$142.14,$142.89,$141.26
03/22/2017,$142.65,6474086,$142.545,$143.8,$140.76
03/21/2017,$142.42,7655386,$146.75,$147.7,$142.1
03/20/2017,$145.83,3396361,$145.45,$146.25,$144.58
03/17/2017,$145.11,6216640,$144.05,$145.76,$143.4
03/16/2017,$144.39,5277214,$145.5,$146.5,$144.22
03/15/2017,$145.25,5984101,$144.2,$145.52,$143.23
03/14/2017,$143.19,4656787,$142.95,$143.31,$141.7
03/13/2017,$143.52,4915057,$140.9,$143.71,$140.321
03/10/2017,$140.89,3315903,$141.39,$141.8,$140.28
03/09/2017,$140.53,2647374,$140.04,$141.24,$139.74
03/08/2017,$140.32,4088940,$141.47,$142.06,$139.7704
03/07/2017,$141.43,4239418,$141.99,$142.4,$140.38
03/06/2017,$141.94,7111248,$141,$142.84,$140.54
03/03/2017,$139.14,5400667,$139.69,$140.91,$138.26
03/02/2017,$139.53,6114580,$142.15,$142.7,$139.09
03/01/2017,$142.65,4167969,$142.84,$143.26,$142.1
02/28/2017,$142.13,3860016,$143.3,$143.57,$141.85
02/27/2017,$143.41,3905819,$143.12,$143.92,$142.38
02/24/2017,$143.25,3299619,$141.88,$143.56,$141.55
02/23/2017,$142.78,4665564,$144.45,$144.49,$141.5196
02/22/2017,$143.86,3478736,$142.92,$144,$142.17
02/21/2017,$142.6,3563209,$142.99,$143.38,$141.81
02/17/2017,$142.22,4585496,$141.75,$142.9,$141.27
02/16/2017,$142.01,2843942,$142.42,$142.44,$141.07
02/15/2017,$142.27,5289876,$140.72,$142.43,$140.51
02/14/2017,$140.82,8364146,$143.2,$144.11,$140.05
02/13/2017,$143.2,4787338,$145.19,$145.95,$143.05
02/10/2017,$144.82,5529672,$144.68,$145.2992,$143.97
02/09/2017,$144.14,4549760,$144.98,$145.09,$143.58
02/08/2017,$144.74,6880937,$143.57,$145.07,$142.56
02/07/2017,$144,8533846,$141.49,$144.28,$141.05
02/06/2017,$140.97,3543204,$140,$141,$139.16
02/03/2017,$140.25,3509764,$139.51,$140.64,$139.1
02/02/2017,$139.2,3457803,$140.61,$141.04,$139.05
02/01/2017,$140.78,6019300,$141.2,$142.41,$139.3
01/31/2017,$140.71,4404557,$140.55,$141.83,$139.7
01/30/2017,$141.22,8115884,$141.77,$141.967,$138.8
01/27/2017,$142.45,8306935,$139.46,$142.49,$139
01/26/2017,$138.96,6034554,$140.45,$141.21,$138.51
01/25/2017,$139.52,7607549,$140.8,$141.39,$139.05
01/24/2017,$140.11,7746640,$138.11,$140.93,$137.03
01/23/2017,$137.39,7428755,$138.65,$139.49,$137.31
01/20/2017,$138.6,9474655,$139.36,$140.79,$137.66
01/19/2017,$138.41,23181860,$142.01,$143.46,$138.25
01/18/2017,$133.26,15748300,$133.21,$133.65,$131.06
01/17/2017,$132.89,12193530,$135.04,$135.4,$132.09
01/13/2017,$133.7,10493120,$131.15,$133.93,$130.58
01/12/2017,$129.18,5383839,$130.63,$130.85,$128.5
01/11/2017,$130.5,5610963,$130.91,$131.5,$129.2475
01/10/2017,$129.89,5982469,$131.27,$132.22,$129.29
01/09/2017,$130.95,5767217,$131.48,$131.99,$129.89
01/06/2017,$131.07,10651930,$132.08,$133.88,$129.81
01/05/2017,$131.81,9653379,$129.22,$132.75,$128.9
01/04/2017,$129.41,7833340,$127.49,$130.17,$126.55
01/03/2017,$127.49,9427706,$124.96,$128.19,$124.31
12/30/2016,$123.8,4452771,$126.24,$126.57,$123.6
12/29/2016,$125.33,3444066,$125.95,$126.14,$124.2
12/28/2016,$125.89,4368523,$129.07,$129.07,$125.76
12/27/2016,$128.35,5280624,$126.24,$129.05,$125.7
12/23/2016,$125.59,2010121,$125.61,$126.28,$125.08
12/22/2016,$125.58,4160767,$126.84,$127.5,$125.18
12/21/2016,$126.5,6499033,$125.53,$127.7372,$125
12/20/2016,$125.12,3933171,$125.46,$126.3,$124.64
12/19/2016,$125.45,4863748,$124.3,$126.44,$122.87
12/16/2016,$124.22,7864162,$126.39,$126.68,$124.01
12/15/2016,$125,7374166,$123.44,$127.43,$122.95
12/14/2016,$123.44,6105620,$123.43,$124.4,$122.5
12/13/2016,$123.78,5528230,$123.51,$125.09,$122.7809
12/12/2016,$122.83,3911511,$122.84,$124.03,$122.3
12/09/2016,$122.88,4697522,$123.78,$124.3,$121.73
12/08/2016,$123.24,8985030,$125.4,$126.35,$122.16
12/07/2016,$125.39,8188570,$124.48,$125.75,$123.25
12/06/2016,$124.57,11498380,$120.1,$124.79,$119.42
12/05/2016,$119.16,7620560,$120.73,$120.75,$118.4
12/02/2016,$120.81,8937134,$116.75,$120.98,$116.75
12/01/2016,$117.22,8632991,$117.52,$118.68,$113.95
11/30/2016,$117,7692293,$119,$120.37,$116.3913
11/29/2016,$117.51,7081312,$117.3,$119.18,$117.1316
11/28/2016,$116.93,5267321,$117.05,$117.62,$115.71
11/25/2016,$117.41,1616260,$117.64,$118.39,$117.18
11/23/2016,$117.69,4518610,$117.76,$118.89,$117.31
11/22/2016,$118.04,7005927,$118.32,$119.46,$116.98
11/21/2016,$117.96,7054753,$116.2,$118.72,$116.19
11/18/2016,$115.21,6742471,$115.73,$116.42,$113.51
11/17/2016,$115.03,6227332,$115.13,$116.81,$113.56
11/16/2016,$115.19,5928187,$112.96,$116.12,$111.81
11/15/2016,$113.59,7435934,$114.55,$116.41,$113.091
11/14/2016,$113.38,9928472,$114.75,$115.9,$110.68
11/11/2016,$114.78,11076290,$114.9,$116.63,$113.11
11/10/2016,$115.42,19693320,$122.76,$122.97,$113.7
11/09/2016,$122.19,7704905,$121.84,$123.65,$120.8611
11/08/2016,$124.34,4674424,$124.12,$125.81,$123.22
11/07/2016,$124.58,5822973,$124.26,$125.75,$123.37
11/04/2016,$122.03,4826146,$122,$123.43,$121.62
11/03/2016,$122.14,5039867,$122.31,$123.72,$121.84
11/02/2016,$122.34,4781816,$122.83,$124.07,$121.83
11/01/2016,$123.3,6967960,$124.98,$125.83,$121.8
10/31/2016,$124.87,6505484,$126.85,$126.9,$124.4
10/28/2016,$126.57,7063892,$126.08,$128.93,$126.0118
10/27/2016,$126.47,6899885,$127.43,$128.18,$125.93
10/26/2016,$126.97,8597271,$126.29,$128.72,$125.75
10/25/2016,$126.51,8229210,$126.52,$128.06,$125.75
10/24/2016,$127.33,15962960,$127.42,$129.29,$126.15
10/21/2016,$127.5,18811190,$122.5,$127.85,$122.31
10/20/2016,$123.35,14477630,$121.97,$123.75,$121.06
10/19/2016,$121.87,21930460,$118.25,$122.45,$118
10/18/2016,$118.79,42116450,$116.63,$119.82,$116.5
10/17/2016,$99.8,25575340,$100.5,$100.73,$98.38
10/14/2016,$101.47,9517720,$101.59,$102.099,$100.35
10/13/2016,$100.23,8315956,$98.01,$100.5,$97.63
10/12/2016,$99.5,7406627,$100.88,$102.47,$99.22
10/11/2016,$100.59,9027645,$102.31,$102.9,$99.86
10/10/2016,$103.33,6695571,$103.18,$104.53,$102.76
10/07/2016,$104.82,8657947,$103.98,$106.5,$103.5501
10/06/2016,$105.07,6585271,$104.97,$105.47,$103.88
10/05/2016,$106.28,12917110,$103.5,$106.97,$103.4301
10/04/2016,$102.34,12126550,$103.19,$104.44,$101.86
10/03/2016,$102.63,15329730,$98,$103.39,$98
09/30/2016,$98.55,9804739,$96.9,$99.53,$96.79
09/29/2016,$96.67,6214034,$97.31,$98.31,$96.6
09/28/2016,$97.48,7233581,$97.1,$97.59,$96.02
09/27/2016,$97.07,9670587,$95.04,$97.64,$95
09/26/2016,$94.56,6737852,$95.38,$95.38,$94.04
09/23/2016,$95.94,6174848,$95.75,$96.97,$95.43
09/22/2016,$95.83,11208200,$95.54,$95.88,$94.23
09/21/2016,$94.88,20023370,$96.9,$97.1,$93.26
09/20/2016,$98.25,4734659,$98.78,$99.16,$97.66
09/19/2016,$98.06,8612097,$99.9,$100.35,$97.82
09/16/2016,$99.48,9436803,$97.1,$99.49,$97.04
09/15/2016,$97.34,5294899,$97.23,$97.97,$96.53
09/14/2016,$97.01,8527841,$97.35,$98.35,$96.96
09/13/2016,$96.09,11777170,$97.17,$98,$95.33
09/12/2016,$99.05,7707924,$95.91,$99.29,$95.71
09/09/2016,$96.5,7355482,$99.06,$99.39,$96.5
09/08/2016,$99.66,5199596,$99.23,$100.05,$98.82
09/07/2016,$99.15,6463245,$100.11,$100.19,$98.42
09/06/2016,$100.09,9026070,$97.76,$100.32,$97.649
09/02/2016,$97.38,4244858,$97.9,$98.18,$97.01
09/01/2016,$97.38,4146339,$97.81,$97.98,$96.916
08/31/2016,$97.45,4687089,$97.48,$97.88,$96.76
08/30/2016,$97.45,6086065,$97.84,$98.85,$97.14
08/29/2016,$97.3,8001138,$96.97,$98.4497,$96.57
08/26/2016,$97.58,6609793,$97.33,$97.95,$96.57
08/25/2016,$97.32,10801210,$96.38,$98.245,$96.04
08/24/2016,$95.18,6258129,$96.13,$96.36,$94.91
08/23/2016,$95.94,5236739,$95.68,$96.59,$95.48
08/22/2016,$95.26,5824860,$95.67,$96.13,$94.95
08/19/2016,$95.87,6940723,$96.05,$96.78,$95.51
08/18/2016,$96.16,7251903,$95.98,$97.2168,$95.17
08/17/2016,$96.37,8268266,$94.94,$96.93,$94.85
08/16/2016,$95.12,6259096,$95.19,$95.61,$94.4
08/15/2016,$95.31,7301004,$96.83,$96.91,$95.24
08/12/2016,$96.59,6588515,$95.53,$96.83,$95.08
08/11/2016,$95.89,8540386,$94.6,$96.33,$94.37
08/10/2016,$93.93,6487433,$94.4,$94.75,$92.95
08/09/2016,$93.99,9171694,$95.12,$95.81,$93.48
08/08/2016,$95.11,10128340,$95.91,$95.93,$94
08/05/2016,$97.03,18338910,$93.77,$97.74,$93.56
08/04/2016,$93.44,6040820,$93.2,$93.7319,$91.82
08/03/2016,$93.1,7028459,$93.28,$94.67,$92.55
08/02/2016,$93.56,9815363,$94,$94.08,$92.18
08/01/2016,$94.37,10656290,$91.23,$94.67,$90.5
07/29/2016,$91.25,6949311,$91.19,$91.749,$90.59
07/28/2016,$91.65,6214650,$91.92,$92.21,$90.68
07/27/2016,$92.04,8705230,$91.5,$92.06,$90.1
07/26/2016,$91.41,19556580,$91.03,$93.1,$90.9
07/25/2016,$87.66,14122030,$85.73,$87.87,$85.01
07/22/2016,$85.89,11354940,$86.48,$86.5,$85.11
07/21/2016,$85.99,16065660,$88.3,$88.38,$85.21
07/20/2016,$87.91,23484270,$86.67,$88.49,$85.82
07/19/2016,$85.84,55584670,$85.43,$86.75,$84.5
07/18/2016,$98.81,26466720,$98.43,$99.84,$97.24
07/15/2016,$98.39,9004435,$98.52,$98.7,$97.41
07/14/2016,$98.02,9868138,$97,$98.27,$96.8
07/13/2016,$96.43,8763798,$96.26,$96.72,$94.8
07/12/2016,$95.97,11593940,$95.07,$96.72,$94.09
07/11/2016,$94.67,13250550,$96.19,$96.869,$94.3
07/08/2016,$97.06,8330158,$96,$97.41,$95.3
07/07/2016,$95.1,9906283,$94.7,$95.38,$93.18
07/06/2016,$94.6,16278580,$95.03,$96,$93.55
07/05/2016,$97.91,25856050,$95.2,$101.27,$93.31
07/01/2016,$96.67,16157650,$95,$97,$94.8
06/30/2016,$91.48,9015191,$90.91,$91.7201,$89.9
06/29/2016,$91.06,11673630,$89.67,$91.97,$88.7
06/28/2016,$87.97,11529090,$87.41,$88.88,$86.41
06/27/2016,$85.33,13760580,$87.88,$88,$84.81
06/24/2016,$88.44,11231980,$87.53,$90.49,$87.21
06/23/2016,$91.66,10771380,$90.62,$91.68,$88.15
06/22/2016,$90.01,9435408,$90.78,$91.98,$89.77
06/21/2016,$90.99,15172340,$93.87,$93.88,$90.77
06/20/2016,$93.8,9018143,$95.22,$95.88,$93.65
06/17/2016,$94.45,8044177,$95.75,$95.77,$94.2
06/16/2016,$95.44,7540702,$94.18,$95.56,$93.2474
06/15/2016,$94.29,7673271,$94.61,$95.46,$93.5
06/14/2016,$94.12,9462854,$94.16,$95.8,$93.27
06/13/2016,$93.85,13475030,$95.02,$97.2,$93.62
06/10/2016,$93.75,12895820,$94.88,$95.35,$93.28
06/09/2016,$97.09,8922203,$97.22,$98.433,$96.664
06/08/2016,$97.86,9411635,$100.02,$100.28,$97.6
06/07/2016,$99.89,6465575,$101.2,$101.63,$99.77
06/06/2016,$100.74,6824314,$100.29,$101.0712,$99.72
06/03/2016,$99.59,9208587,$100.99,$101,$98.53
06/02/2016,$101.25,7984791,$101.39,$102.15,$100.77
06/01/2016,$101.51,8387248,$101.5,$101.92,$100.16
05/31/2016,$102.57,8716674,$102.95,$103.45,$102.13
05/27/2016,$103.3,9082200,$102.44,$103.5,$101.44
05/26/2016,$102.81,17810040,$103.21,$104,$101.38
05/25/2016,$100.2,15153600,$99,$100.31,$98.3
05/24/2016,$97.89,21230620,$95.98,$99.14,$95.75
05/23/2016,$94.89,13975830,$92.98,$95.2924,$92.85
05/20/2016,$92.49,15035800,$90.08,$93.28,$89.98
05/19/2016,$89.55,11446870,$90.16,$91.27,$88.3
05/18/2016,$90.5,13893610,$88.25,$91.72,$88.25
05/17/2016,$88.63,11564310,$89,$90.87,$88.172
05/16/2016,$89.12,11241770,$87.56,$90,$86.15
05/13/2016,$87.88,11561810,$87.39,$88.59,$86.26
05/12/2016,$87.74,20377210,$90.32,$90.41,$85.74
05/11/2016,$90.02,11681150,$92.4,$92.59,$89.9
05/10/2016,$92.89,11172090,$91.14,$93.25,$91.09
05/09/2016,$90.54,9535874,$90.73,$91.828,$89.9
05/06/2016,$90.84,10431350,$88.83,$90.88,$88.11
05/05/2016,$89.37,10360730,$90.91,$92.0775,$89.25
05/04/2016,$90.79,7378055,$91,$92.16,$90.35
05/03/2016,$91.54,10585600,$92.08,$93.25,$91.3
05/02/2016,$93.11,12532080,$90.41,$93.22,$89.8901
